 ,score,impmax(sub-param),rec_byscore,rec_bysubs,loadDir,obj,bind
score,nan,0.0,lower_aim4s,rec_bysubs,loadDir_,obj_,bind_
param1,0.23031920337169098,0.23031920337169098,Down(ML),Down(ML),Center,-,score
param2,0.172203991103298,0.172203991103298,Down(ML),Down(ML),Center,-,score
param3,0.08469345112470902,0.08469345112470902,Down(ML),Down(ML),Center,-,score
param4,0.024950387762944847,0.024950387762944847,Down,Down,Center,-,score
param5,0.021668105159042654,0.021668105159042654,Up,Up,Center,-,score
param6,0.03204775014692422,0.03204775014692422,Up,Up,Center,-,score
param7,0.11458420452189791,0.11458420452189791,Up,Up,Center,-,score
param8,0.3195329068094925,0.3195329068094925,Up(ML),Up(ML),Center,-,score
